{"CVE-2026-32612": {"ts": 1773666518.8809507, "cvss": 5.4}, "CVE-2026-3483": {"ts": 1773666520.9825425, "cvss": 7.8}, "CVE-2026-32597": {"ts": 1773666523.8484228, "cvss": 7.5}, "CVE-2026-21736": {"ts": 1773666526.1731055, "cvss": 4.4}, "CVE-2026-3038": {"ts": 1773666528.4044247, "cvss": 7.5}, "CVE-2026-30927": {"ts": 1773666532.8469775, "cvss": 5.4}, "CVE-2026-3824": {"ts": 1773666534.9673145, "cvss": 6.1}, "CVE-2026-29023": {"ts": 1773666537.2192583, "cvss": 7.3}, "CVE-2025-70034": {"ts": 1773666539.5682445, "cvss": 7.5}, "CVE-2026-31988": {"ts": 1773666541.6764174, "cvss": 5.3}}