{"CVE-2025-69241": {"cvss": 5.4, "cached_at": 1773691342.6184945}, "CVE-2025-69243": {"cvss": 5.3, "cached_at": 1773691344.7465222}, "CVE-2025-69245": {"cvss": 6.1, "cached_at": 1773691346.8086748}, "CVE-2025-69246": {"cvss": 9.8, "cached_at": 1773691348.9131103}}