{"CVE-2025-70039": {"ts": 1773640584.8734343, "cvss": 9.8}, "CVE-2026-32322": {"ts": 1773640589.0364408, "cvss": 5.3}, "CVE-2026-3784": {"ts": 1773640599.6533434, "cvss": 6.5}, "CVE-2026-2261": {"ts": 1773640603.8893929, "cvss": 7.5}, "CVE-2026-3994": {"ts": 1773640612.2624054, "cvss": 5.3}}