{"CVE-2026-32737": {"ts": 1774405038.619518, "cvss": 10.0}, "CVE-2026-33312": {"ts": 1774407230.0184333, "cvss": 5.4}, "CVE-2026-32805": {"ts": 1774407241.2096374, "cvss": 7.5}, "CVE-2026-28833": {"ts": 1774459430.0668619, "epss": 0.01, "cvss": 6.2}, "CVE-2026-33253": {"ts": 1774459428.840541, "epss": 0.01}, "CVE-2026-4778": {"ts": 1774459428.8405423, "epss": 0.03}, "CVE-2026-4784": {"ts": 1774459428.8405428, "epss": 0.03}, "CVE-2026-2343": {"ts": 1774459438.717334, "epss": 0.02, "cvss": 5.3}, "CVE-2026-28825": {"ts": 1774459428.8405442, "epss": 0.02}, "CVE-2026-23393": {"ts": 1774459428.840545, "epss": 0.02}, "CVE-2026-4779": {"ts": 1774459428.840546, "epss": 0.03}, "CVE-2026-23395": {"ts": 1774459428.8405464, "epss": 0.02}, "CVE-2026-2072": {"ts": 1774459428.840547, "epss": 0.04}, "CVE-2026-1166": {"ts": 1774459428.8405476, "epss": 0.03}, "CVE-2026-20668": {"ts": 1774459428.8405483, "epss": 0.02}, "CVE-2026-28864": {"ts": 1774459428.8405488, "epss": 0.02}, "CVE-2026-4766": {"ts": 1774459428.8405497, "epss": 0.03}, "CVE-2026-32326": {"ts": 1774459428.8405504, "epss": 0.04}, "CVE-2026-26306": {"ts": 1774459428.840551, "epss": 0.02}, "CVE-2026-31788": {"ts": 1774459428.8405514, "epss": 0.03}, "CVE-2026-20691": {"ts": 1774459428.8405519, "epss": 0.02}, "CVE-2026-23394": {"ts": 1774459428.8405533, "epss": 0.02}, "CVE-2026-23392": {"ts": 1774459428.8405538, "epss": 0.02}, "CVE-2026-4783": {"ts": 1774459428.840554, "epss": 0.03}, "CVE-2026-3591": {"ts": 1774467030.9114864, "cvss": 5.4}}