{"CVE-2026-5170": {"ts": 1774977689.3589284, "epss": 0.04}, "CVE-2026-29954": {"ts": 1774984915.7189043, "epss": 0.03}, "CVE-2026-5210": {"ts": 1774984923.3232193, "cvss": 7.3}, "CVE-2026-5209": {"ts": 1774984925.6542742, "cvss": 2.4}, "CVE-2026-29909": {"ts": 1774992803.4938087, "epss": 0.02}, "CVE-2026-3831": {"ts": 1775052119.959976, "epss": 0.03}, "CVE-2026-25601": {"ts": 1775052119.9599776, "epss": 0.01}, "CVE-2026-34738": {"ts": 1775052119.9599788, "epss": 0.02}, "CVE-2026-5255": {"ts": 1775052119.9599793, "epss": 0.03}, "CVE-2026-4947": {"ts": 1775052119.9599798, "epss": 0.03}, "CVE-2026-34363": {"ts": 1775052119.9599805, "epss": 0.08}, "CVE-2026-1579": {"ts": 1775052119.959981, "epss": 0.07}, "CVE-2026-5190": {"ts": 1775052119.959982, "epss": 0.01}, "CVE-2026-34532": {"ts": 1775052119.9599824, "epss": 0.04}, "CVE-2026-34737": {"ts": 1775052119.9599826, "epss": 0.03}, "CVE-2026-34733": {"ts": 1775052119.959983, "epss": 0.06}, "CVE-2026-34373": {"ts": 1775052119.9599836, "epss": 0.02}, "CVE-2026-4374": {"ts": 1775052119.959984, "epss": 0.04}, "CVE-2026-34372": {"ts": 1775052119.9599843, "epss": 0.04}, "CVE-2026-5281": {"ts": 1775052119.9599848, "epss": 0.04}, "CVE-2026-3469": {"ts": 1775052119.9599855, "epss": 0.11}, "CVE-2026-5257": {"ts": 1775052119.9599862, "epss": 0.03}, "CVE-2026-5206": {"ts": 1775052119.9599864, "epss": 0.03}, "CVE-2026-5256": {"ts": 1775052119.959987, "epss": 0.03}, "CVE-2026-5251": {"ts": 1775052119.9599874, "epss": 0.05}, "CVE-2026-4799": {"ts": 1775052119.9599879, "epss": 0.03}, "CVE-2026-34740": {"ts": 1775052119.959988, "epss": 0.02}, "CVE-2026-5249": {"ts": 1775052119.9599888, "epss": 0.03}, "CVE-2026-5258": {"ts": 1775052119.9599893, "epss": 0.09}, "CVE-2026-3470": {"ts": 1775052119.9599898, "epss": 0.11}, "CVE-2026-0596": {"ts": 1775052121.1010554, "epss": 0.24}, "CVE-2026-4748": {"ts": 1775052121.1010566, "epss": 0.03}, "CVE-2026-3468": {"ts": 1775052121.1010573, "epss": 0.04}, "CVE-2026-3356": {"ts": 1775052121.1010578, "epss": 0.05}, "CVE-2026-34739": {"ts": 1775052121.1010582, "epss": 0.03}, "CVE-2026-33935": {"ts": 1775052137.2726297, "cvss": 7.5}}