{"CVE-2026-3857": {"ts": 1774580697.915331, "epss": 0.01}, "CVE-2025-41359": {"ts": 1774580719.4432776, "cvss": 7.8}, "CVE-2026-4822": {"ts": 1774582327.0410469, "epss": 0.01}, "CVE-2026-4839": {"ts": 1774590991.1773908, "epss": 0.03}, "CVE-2026-4910": {"ts": 1774625387.4127586, "epss": 0.03}, "CVE-2026-4875": {"ts": 1774625387.4127607, "epss": 0.03}, "CVE-2026-22742": {"ts": 1774625387.412762, "epss": 0.03}, "CVE-2026-33366": {"ts": 1774625387.4127624, "epss": 0.1}, "CVE-2026-33559": {"ts": 1774625387.4127629, "epss": 0.02}, "CVE-2026-22743": {"ts": 1774625387.4127634, "epss": 0.04}, "CVE-2026-33747": {"ts": 1774625387.4127638, "epss": 0.01}, "CVE-2026-33935": {"ts": 1774625387.4127643, "epss": 0.12}, "CVE-2025-41026": {"ts": 1774625387.412765, "epss": 0.05}, "CVE-2026-4907": {"ts": 1774625387.4127655, "epss": 0.03}, "CVE-2026-4948": {"ts": 1774625387.412766, "epss": 0.02}, "CVE-2026-3098": {"ts": 1774625387.4127667, "epss": 0.03}, "CVE-2026-33745": {"ts": 1774625387.4127674, "epss": 0.03}, "CVE-2026-4909": {"ts": 1774625387.4127684, "epss": 0.03}, "CVE-2026-22744": {"ts": 1774625387.4127688, "epss": 0.03}, "CVE-2026-33280": {"ts": 1774625387.412769, "epss": 0.07}, "CVE-2026-4908": {"ts": 1774625387.4127696, "epss": 0.03}, "CVE-2026-33744": {"ts": 1774625387.4127698, "epss": 0.02}, "CVE-2026-33491": {"ts": 1774625387.41277, "epss": 0.01}, "CVE-2024-14028": {"ts": 1774625387.4127705, "epss": 0.03}, "CVE-2026-4906": {"ts": 1774625387.4127707, "epss": 0.05}, "CVE-2026-34353": {"ts": 1774625387.4127712, "epss": 0.01}, "CVE-2026-33732": {"ts": 1774625387.412772, "epss": 0.03}, "CVE-2026-33505": {"ts": 1774625387.4127722, "epss": 0.01}, "CVE-2025-15101": {"ts": 1774625416.2934484, "cvss": 8.8}, "CVE-2026-4816": {"ts": 1774625418.3711846, "cvss": 5.4}, "CVE-2026-33942": {"ts": 1774625463.122135, "cvss": 9.8}, "CVE-2014-125112": {"ts": 1774625467.4066172, "cvss": 9.8}, "CVE-2026-33724": {"ts": 1774645141.4588447, "cvss": 7.4}, "CVE-2026-4815": {"ts": 1774645143.6111002, "cvss": 8.8}, "CVE-2026-32859": {"ts": 1774645145.7852023, "cvss": 5.4}}