{"CVE-2025-69241": {"epss": 0.05, "cached_at": 1773669552.9054246}, "CVE-2025-69243": {"epss": 0.04, "cached_at": 1773669552.9054272}, "CVE-2025-69245": {"epss": 0.08, "cached_at": 1773669552.9054282}, "CVE-2025-69246": {"epss": 0.04, "cached_at": 1773669552.9054294}}