{"CVE-2026-4582": {"ts": 1774282916.879791, "epss": 0.02}, "CVE-2026-4569": {"ts": 1774282916.8797932, "epss": 0.03}, "CVE-2026-4568": {"ts": 1774282916.8797944, "epss": 0.03}, "CVE-2026-4115": {"ts": 1774282916.8797948, "epss": 0.01}, "CVE-2026-4566": {"ts": 1774282916.8797958, "epss": 0.04}, "CVE-2026-4567": {"ts": 1774282916.8797965, "epss": 0.09}, "CVE-2026-4438": {"ts": 1774282945.862453, "cvss": 5.4}, "CVE-2026-32760": {"ts": 1774285750.835798, "cvss": 9.8}, "CVE-2026-33069": {"ts": 1774285912.5683937, "cvss": 7.5}, "CVE-2026-33064": {"ts": 1774298266.5003462, "cvss": 7.5}, "CVE-2026-33065": {"ts": 1774298284.092075, "cvss": 5.3}}