{"CVE-2026-3783": {"ts": 1773693449.7192197, "cvss": 5.3}, "CVE-2025-36105": {"ts": 1773693451.7913032, "cvss": 4.4}, "CVE-2026-2339": {"ts": 1773693453.866536, "cvss": 7.5}, "CVE-2026-2919": {"ts": 1773693455.925715, "cvss": 4.3}, "CVE-2026-3978": {"ts": 1773693457.9829938, "cvss": 8.8}, "CVE-2026-3818": {"ts": 1773693460.087927, "cvss": 7.3}, "CVE-2026-21291": {"ts": 1773693462.1595113, "cvss": 4.8}, "CVE-2026-3946": {"ts": 1773693466.289633, "cvss": 3.5}}