{"CVE-2026-23395": {"ts": 1775122285.1132622, "cvss": 8.8}, "CVE-2026-20090": {"ts": 1775138369.8411393, "epss": 0.03}, "CVE-2026-1540": {"ts": 1775138369.8411417, "epss": 0.03}, "CVE-2026-23415": {"ts": 1775138369.841143, "epss": 0.02}, "CVE-2026-23417": {"ts": 1775138369.8411434, "epss": 0.02}, "CVE-2026-23416": {"ts": 1775138369.8411443, "epss": 0.02}, "CVE-2026-34447": {"ts": 1775138369.8411462, "epss": 0.01}, "CVE-2026-5271": {"ts": 1775138369.8411467, "epss": 0.01}, "CVE-2026-5318": {"ts": 1775138369.8411474, "epss": 0.02}, "CVE-2026-34751": {"ts": 1775138369.841148, "epss": 0.04}, "CVE-2026-5327": {"ts": 1775138369.8411486, "epss": 0.92}, "CVE-2026-1243": {"ts": 1775138369.841149, "epss": 0.03}, "CVE-2026-3877": {"ts": 1775138369.84115, "epss": 0.05}, "CVE-2026-22767": {"ts": 1775138369.8411505, "epss": 0.01}, "CVE-2026-34875": {"ts": 1775138369.8411512, "epss": 0.04}, "CVE-2026-5316": {"ts": 1775138369.8411517, "epss": 0.03}, "CVE-2026-4347": {"ts": 1775138369.8411522, "epss": 0.07}, "CVE-2026-35093": {"ts": 1775138369.8411527, "epss": 0.01}, "CVE-2026-5322": {"ts": 1775138369.8411534, "epss": 0.03}, "CVE-2026-21765": {"ts": 1775138369.8411539, "epss": 0.01}, "CVE-2026-5320": {"ts": 1775138369.8411543, "epss": 0.08}, "CVE-2026-5321": {"ts": 1775138369.8411548, "epss": 0.01}, "CVE-2026-34446": {"ts": 1775138369.8411555, "epss": 0.01}, "CVE-2026-35094": {"ts": 1775138369.841156, "epss": 0.01}, "CVE-2026-5310": {"ts": 1775138369.841157, "epss": 0.01}, "CVE-2026-5315": {"ts": 1775138369.8411577, "epss": 0.03}, "CVE-2026-21767": {"ts": 1775138369.8411584, "epss": 0.01}, "CVE-2025-13535": {"ts": 1775138369.8411589, "epss": 0.06}, "CVE-2026-5319": {"ts": 1775138369.8411596, "epss": 0.01}, "CVE-2026-5317": {"ts": 1775138370.8867998, "epss": 0.03}, "CVE-2026-22768": {"ts": 1775138370.886801, "epss": 0.01}, "CVE-2026-23414": {"ts": 1775138370.8868017, "epss": 0.02}, "CVE-2026-5199": {"ts": 1775138370.8868024, "epss": 0.04}, "CVE-2026-4748": {"ts": 1775149967.0088742, "cvss": 7.5}, "CVE-2026-34532": {"ts": 1775157440.9603124, "cvss": 9.1}, "CVE-2026-5281": {"ts": 1775157447.1549006, "cvss": 8.8}, "CVE-2026-34363": {"ts": 1775157453.4699898, "cvss": 5.3}, "CVE-2026-34373": {"ts": 1775157532.0957713, "cvss": 8.8}, "CVE-2026-29014": {"ts": 1775163436.9878213, "epss": 0.24}, "CVE-2025-55182": {"ts": 1775185366.3098538, "epss": 65.08, "cvss": 10.0}}