{"CVE-2026-32859": {"ts": 1774791054.8392005, "epss": 0.03}, "CVE-2026-4998": {"ts": 1774803381.7976053, "epss": 0.08}, "CVE-2026-5003": {"ts": 1774803381.7976072, "epss": 0.03}, "CVE-2026-5001": {"ts": 1774803381.797608, "epss": 0.04}, "CVE-2026-4999": {"ts": 1774803381.7976084, "epss": 0.04}, "CVE-2026-4997": {"ts": 1774803381.7976093, "epss": 0.06}, "CVE-2026-5002": {"ts": 1774803381.79761, "epss": 0.04}, "CVE-2026-5004": {"ts": 1774803381.7976105, "epss": 0.04}, "CVE-2026-5000": {"ts": 1774803381.797611, "epss": 0.08}, "CVE-2025-15445": {"ts": 1774803409.023128, "cvss": 5.4}}