{"CVE-2026-33191": {"ts": 1774300868.640704, "cvss": 8.6}, "CVE-2026-3580": {"ts": 1774300888.61241, "cvss": 4.7}, "CVE-2026-32945": {"ts": 1774304892.9593272, "cvss": 9.8}, "CVE-2026-3579": {"ts": 1774304905.2592967, "cvss": 5.9}, "CVE-2026-32942": {"ts": 1774308660.382466, "cvss": 8.1}, "CVE-2026-32759": {"ts": 1774308671.513095, "cvss": 8.1}, "CVE-2026-30403": {"ts": 1774330778.2296362, "cvss": 7.5}, "CVE-2026-32941": {"ts": 1774360421.238455, "cvss": 6.5}, "CVE-2026-32946": {"ts": 1774360423.7119498, "cvss": 2.7}, "CVE-2026-33068": {"ts": 1774372328.3243449, "cvss": 8.8}}