{"CVE-2019-25654": {"ts": 1774879290.5176315, "epss": 0.04}, "CVE-2026-5104": {"ts": 1774879290.5176344, "epss": 2.95}, "CVE-2026-5107": {"ts": 1774879290.5176353, "epss": 0.04}, "CVE-2026-5102": {"ts": 1774879290.517636, "epss": 2.95}, "CVE-2019-25653": {"ts": 1774879290.5176368, "epss": 0.01}, "CVE-2025-15036": {"ts": 1774879290.5176377, "epss": 0.05}, "CVE-2026-5103": {"ts": 1774879290.5176384, "epss": 2.95}, "CVE-2026-3124": {"ts": 1774879290.517639, "epss": 0.03}, "CVE-2019-25655": {"ts": 1774879290.5176394, "epss": 0.01}, "CVE-2026-5105": {"ts": 1774879290.51764, "epss": 2.95}, "CVE-2026-5106": {"ts": 1774879290.5176406, "epss": 0.03}, "CVE-2018-25235": {"ts": 1774879290.5176413, "epss": 0.01}, "CVE-2026-33665": {"ts": 1774887545.3635666, "cvss": 7.5}, "CVE-2026-33182": {"ts": 1774890944.8566077, "cvss": 7.5}, "CVE-2026-33183": {"ts": 1774890956.0423255, "cvss": 9.1}, "CVE-2026-5170": {"ts": 1774890970.6493926, "cvss": 5.3}, "CVE-2026-29954": {"ts": 1774898435.1814337, "cvss": 7.6}}