{"CVE-2025-69241": {"epss": 0.05, "cached_at": 1773669552.9054246}, "CVE-2025-69243": {"epss": 0.04, "cached_at": 1773669552.9054272}, "CVE-2025-69245": {"epss": 0.08, "cached_at": 1773669552.9054282}, "CVE-2025-69246": {"epss": 0.04, "cached_at": 1773669552.9054294}, "CVE-2026-1883": {"cvss": 4.3, "cached_at": 1773680489.6350524}, "CVE-2026-1947": {"cvss": 7.5, "cached_at": 1773680491.8555126}, "CVE-2026-2233": {"cvss": 5.3, "cached_at": 1773680494.0179813}, "CVE-2026-4164": {"cvss": 9.8, "cached_at": 1773680496.1671069}, "CVE-2026-1948": {"cvss": 4.3, "cached_at": 1773680498.3153737}, "CVE-2026-1870": {"cvss": 5.3, "cached_at": 1773680502.714665}, "CVE-2026-32729": {"cvss": 8.1, "cached_at": 1773680504.8980365}}