{"CVE-2025-55182": {"ts": 1775185366.3098538, "epss": 65.08, "cvss": 10.0}, "CVE-2026-5462": {"ts": 1775235562.3835406, "epss": 0.01}, "CVE-2026-5455": {"ts": 1775235562.3835425, "epss": 0.01}, "CVE-2026-35414": {"ts": 1775235562.3835433, "epss": 0.02}, "CVE-2026-33107": {"ts": 1775235562.3835442, "epss": 0.05}, "CVE-2026-5463": {"ts": 1775235562.383545, "epss": 0.85}, "CVE-2026-5456": {"ts": 1775235562.3835454, "epss": 0.01}, "CVE-2026-5453": {"ts": 1775235562.3835459, "epss": 0.01}, "CVE-2026-5370": {"ts": 1775235562.3835464, "epss": 0.03}, "CVE-2026-28754": {"ts": 1775235562.3835468, "epss": 0.03}, "CVE-2026-32213": {"ts": 1775235562.3835473, "epss": 0.05}, "CVE-2026-5454": {"ts": 1775235562.383548, "epss": 0.01}, "CVE-2026-5368": {"ts": 1775235562.3835485, "epss": 0.03}, "CVE-2026-32211": {"ts": 1775235562.383549, "epss": 0.06}, "CVE-2026-28756": {"ts": 1775235562.3835495, "epss": 0.02}, "CVE-2026-32173": {"ts": 1775235562.3835502, "epss": 0.07}, "CVE-2026-33105": {"ts": 1775235562.3835506, "epss": 0.05}, "CVE-2025-7024": {"ts": 1775235562.383551, "epss": 0.01}, "CVE-2026-4350": {"ts": 1775235562.3835511, "epss": 0.1}, "CVE-2026-33691": {"ts": 1775235562.3835518, "epss": 0.05}, "CVE-2026-5414": {"ts": 1775235562.3835523, "epss": 0.03}, "CVE-2026-5413": {"ts": 1775235562.3835526, "epss": 0.03}, "CVE-2026-3877": {"ts": 1775235563.4527047, "cvss": 6.1}, "CVE-2026-1540": {"ts": 1775243300.3121123, "cvss": 7.2}, "CVE-2026-32695": {"ts": 1775243306.6808314, "cvss": 7.7}, "CVE-2026-5115": {"ts": 1775243371.950764, "cvss": 7.5}}