{"CVE-2026-4177": {"ts": 1773776426.6092026, "cvss": 9.1}, "CVE-2026-30876": {"ts": 1773776439.5832827, "cvss": 5.3}}