{"CVE-2026-4359": {"epss": 0.03, "cached_at": 1773853218.3196073}, "CVE-2026-25936": {"epss": 0.03, "cached_at": 1773853218.3196106}, "CVE-2026-32981": {"epss": 0.07, "cached_at": 1773853218.3196118}, "CVE-2026-25790": {"epss": 0.09, "cached_at": 1773853218.3196127}, "CVE-2026-27894": {"epss": 0.06, "cached_at": 1773853218.3196137}, "CVE-2026-27811": {"epss": 0.21, "cached_at": 1773853218.3196144}, "CVE-2026-27459": {"epss": 0.04, "cached_at": 1773853218.319615}, "CVE-2026-4355": {"epss": 0.03, "cached_at": 1773853218.3196151}, "CVE-2026-4354": {"epss": 0.03, "cached_at": 1773853218.3196158}, "CVE-2026-32254": {"epss": 0.03, "cached_at": 1773853218.319616}, "CVE-2026-31938": {"epss": 0.04, "cached_at": 1773853218.319617}, "CVE-2026-31898": {"epss": 0.03, "cached_at": 1773853218.3196177}, "CVE-2026-31891": {"epss": 0.03, "cached_at": 1773853218.3196182}, "CVE-2026-31865": {"epss": 0.03, "cached_at": 1773853218.3196185}, "CVE-2026-32596": {"epss": 0.07, "cached_at": 1773853218.3196192}, "CVE-2026-32606": {"epss": 0.01, "cached_at": 1773853218.31962}, "CVE-2026-32268": {"epss": 0.05, "cached_at": 1773853218.3196208}, "CVE-2026-4366": {"epss": 0.03, "cached_at": 1773853218.3196213}, "CVE-2026-22730": {"epss": 0.03, "cached_at": 1773853218.319622}, "CVE-2026-22729": {"epss": 0.05, "cached_at": 1773853218.3196228}, "CVE-2026-22323": {"epss": 0.04, "cached_at": 1773853218.3196235}, "CVE-2026-22322": {"epss": 0.08, "cached_at": 1773853218.319624}, "CVE-2026-22321": {"epss": 0.04, "cached_at": 1773853218.3196242}, "CVE-2026-3888": {"epss": 0.01, "cached_at": 1773853218.319625}, "CVE-2026-33265": {"epss": 0.01, "cached_at": 1773853218.3196254}, "CVE-2026-23248": {"epss": 0.02, "cached_at": 1773853218.319626}, "CVE-2026-23247": {"epss": 0.02, "cached_at": 1773853218.3196268}, "CVE-2026-23246": {"epss": 0.02, "cached_at": 1773853218.3196278}, "CVE-2026-23245": {"epss": 0.02, "cached_at": 1773853218.3196282}, "CVE-2026-24063": {"epss": 0.01, "cached_at": 1773928799.1121707}, "CVE-2026-2992": {"epss": 0.04, "cached_at": 1773928799.112174}, "CVE-2026-2991": {"epss": 0.16, "cached_at": 1773928799.1121757}, "CVE-2026-3090": {"epss": 0.06, "cached_at": 1773928799.1121767}, "CVE-2026-2512": {"epss": 0.03, "cached_at": 1773928799.1121774}, "CVE-2026-31965": {"epss": 0.04, "cached_at": 1773928799.1121783}, "CVE-2026-31964": {"epss": 0.04, "cached_at": 1773928799.1121798}, "CVE-2026-31963": {"epss": 0.08, "cached_at": 1773928799.1121805}, "CVE-2026-32634": {"epss": 0.01, "cached_at": 1773928799.1121812}, "CVE-2026-32633": {"epss": 0.05, "cached_at": 1773928799.112182}, "CVE-2026-32743": {"epss": 0.02, "cached_at": 1773928799.1121829}, "CVE-2026-32805": {"epss": 0.05, "cached_at": 1773928799.1121833}, "CVE-2026-32737": {"epss": 0.04, "cached_at": 1773928799.1121843}, "CVE-2026-32736": {"epss": 0.03, "cached_at": 1773928799.1121862}, "CVE-2026-32000": {"epss": 0.13, "cached_at": 1773928799.112187}, "CVE-2026-31999": {"epss": 0.07, "cached_at": 1773928799.1121874}, "CVE-2026-31998": {"epss": 0.04, "cached_at": 1773928799.112188}, "CVE-2026-31997": {"epss": 0.01, "cached_at": 1773928799.1121886}, "CVE-2026-31996": {"epss": 0.01, "cached_at": 1773928799.1121895}, "CVE-2026-1276": {"epss": 0.03, "cached_at": 1773928799.1121902}, "CVE-2025-36051": {"epss": 0.01, "cached_at": 1773928799.112191}, "CVE-2026-27096": {"epss": 0.04, "cached_at": 1773928799.1121917}, "CVE-2026-27397": {"epss": 0.04, "cached_at": 1773928799.1121926}, "CVE-2026-27413": {"epss": 0.03, "cached_at": 1773928799.1121933}, "CVE-2026-27540": {"epss": 0.04, "cached_at": 1773928799.1121938}, "CVE-2026-27542": {"epss": 0.04, "cached_at": 1773928799.1121945}, "CVE-2026-28073": {"epss": 0.03, "cached_at": 1773928799.1121953}, "CVE-2026-28070": {"epss": 0.03, "cached_at": 1773928799.1121962}, "CVE-2026-28044": {"epss": 0.03, "cached_at": 1773928799.1121967}, "CVE-2026-27070": {"epss": 0.03, "cached_at": 1773928799.1121974}, "CVE-2026-27068": {"epss": 0.03, "cached_at": 1773928800.2413383}, "CVE-2026-27067": {"epss": 0.04, "cached_at": 1773928800.24134}, "CVE-2026-27065": {"epss": 0.11, "cached_at": 1773928800.2413406}, "CVE-2026-25445": {"epss": 0.05, "cached_at": 1773928800.2413416}}