{"CVE-2026-32729": {"epss": 0.06, "cached_at": 1773503510.6594274}, "CVE-2026-32732": {"epss": 0.04, "cached_at": 1773503510.6594307}}