{"CVE-2026-32319": {"ts": 1773627369.140856, "cvss": 7.5}, "CVE-2026-30903": {"ts": 1773627371.2958655, "cvss": 9.6}, "CVE-2026-21282": {"ts": 1773627373.7200744, "cvss": 5.3}, "CVE-2026-21286": {"ts": 1773627375.9404857, "cvss": 5.3}, "CVE-2026-3826": {"ts": 1773627378.3399436, "cvss": 9.8}, "CVE-2026-1508": {"ts": 1773627380.4730089, "cvss": 4.3}, "CVE-2026-3962": {"ts": 1773627382.634332, "cvss": 4.3}, "CVE-2026-4105": {"ts": 1773627385.0329492, "cvss": 6.7}, "CVE-2026-21293": {"ts": 1773627387.176641, "cvss": 5.5}, "CVE-2025-8766": {"ts": 1773627389.3759935, "cvss": 6.4}, "CVE-2026-32745": {"ts": 1773627393.6997185, "cvss": 6.3}, "CVE-2026-3638": {"ts": 1773627400.1693697, "cvss": 5.9}}