{"CVE-2026-27241": {"ts": 1773725311.8973596, "cvss": 5.4}, "CVE-2026-4016": {"ts": 1773725316.0377123, "cvss": 5.3}}