{"CVE-2026-4582": {"ts": 1774282916.879791, "epss": 0.02}, "CVE-2026-4569": {"ts": 1774282916.8797932, "epss": 0.03}, "CVE-2026-4568": {"ts": 1774282916.8797944, "epss": 0.03}, "CVE-2026-4115": {"ts": 1774282916.8797948, "epss": 0.01}, "CVE-2026-4566": {"ts": 1774282916.8797958, "epss": 0.04}, "CVE-2026-4567": {"ts": 1774282916.8797965, "epss": 0.09}, "CVE-2026-4438": {"ts": 1774282945.862453, "cvss": 5.4}}