{"CVE-2026-29909": {"ts": 1774904684.2414792, "cvss": 5.3}, "CVE-2026-30879": {"ts": 1774965548.256785, "epss": 0.04}, "CVE-2026-4267": {"ts": 1774965548.2567875, "epss": 0.07}, "CVE-2026-5122": {"ts": 1774965548.2567885, "epss": 0.03}, "CVE-2026-5195": {"ts": 1774965548.25679, "epss": 0.03}, "CVE-2026-5196": {"ts": 1774965548.2567906, "epss": 0.03}, "CVE-2026-4317": {"ts": 1774965548.2567914, "epss": 0.05}, "CVE-2026-27508": {"ts": 1774965548.2567923, "epss": 0.03}, "CVE-2026-30878": {"ts": 1774965548.256793, "epss": 0.05}, "CVE-2026-5178": {"ts": 1774965548.2567935, "epss": 0.72}, "CVE-2026-5115": {"ts": 1774965548.2567945, "epss": 0.01}, "CVE-2026-5179": {"ts": 1774965548.256795, "epss": 0.03}, "CVE-2026-30940": {"ts": 1774965548.2567954, "epss": 0.2}, "CVE-2026-5201": {"ts": 1774965548.256796, "epss": 0.09}, "CVE-2026-3191": {"ts": 1774965548.2567964, "epss": 0.01}, "CVE-2026-5124": {"ts": 1774965548.256797, "epss": 0.03}, "CVE-2026-34070": {"ts": 1774965548.2567978, "epss": 0.19}, "CVE-2026-32734": {"ts": 1774965548.2567983, "epss": 0.03}, "CVE-2026-3139": {"ts": 1774965548.256799, "epss": 0.03}, "CVE-2026-34509": {"ts": 1774965548.2567995, "epss": 0.03}, "CVE-2026-5176": {"ts": 1774965548.2568, "epss": 2.37}, "CVE-2026-5180": {"ts": 1774965548.2568004, "epss": 0.03}, "CVE-2026-5164": {"ts": 1774965548.2568011, "epss": 0.01}, "CVE-2026-3300": {"ts": 1774965548.2568016, "epss": 0.22}, "CVE-2026-5181": {"ts": 1774965548.2568023, "epss": 0.04}, "CVE-2026-34472": {"ts": 1774965548.2568033, "epss": 0.04}, "CVE-2026-34073": {"ts": 1774965548.2568038, "epss": 0.02}, "CVE-2026-5198": {"ts": 1774965548.2568045, "epss": 0.03}, "CVE-2026-5177": {"ts": 1774965548.2568052, "epss": 0.72}, "CVE-2026-1797": {"ts": 1774965548.2568057, "epss": 0.03}, "CVE-2026-5197": {"ts": 1774965549.4884682, "epss": 0.03}, "CVE-2026-5123": {"ts": 1774965549.4884696, "epss": 0.05}, "CVE-2026-5165": {"ts": 1774965549.4884703, "epss": 0.01}, "CVE-2026-4020": {"ts": 1774965549.4884708, "epss": 0.05}, "CVE-2026-26352": {"ts": 1774965549.4884713, "epss": 0.03}, "CVE-2026-4146": {"ts": 1774965549.488472, "epss": 0.07}, "CVE-2026-33373": {"ts": 1774965549.4884722, "epss": 0.03}, "CVE-2026-3055": {"ts": 1774965582.3089452, "cvss": 9.8}, "CVE-2026-5170": {"ts": 1774977689.3589284, "epss": 0.04}, "CVE-2026-29954": {"ts": 1774984915.7189043, "epss": 0.03}, "CVE-2026-5210": {"ts": 1774984923.3232193, "cvss": 7.3}, "CVE-2026-5209": {"ts": 1774984925.6542742, "cvss": 2.4}}