{"CVE-2026-32986": {"epss": 0.03, "cached_at": 1774110618.6407874}, "CVE-2026-4488": {"epss": 0.04, "cached_at": 1774110618.6407905}, "CVE-2026-4519": {"epss": 0.01, "cached_at": 1774110618.6407924}, "CVE-2026-4487": {"epss": 0.04, "cached_at": 1774110618.6407936}, "CVE-2026-33312": {"epss": 0.04, "cached_at": 1774110618.6407943}, "CVE-2026-4505": {"epss": 0.03, "cached_at": 1774110618.6407952}, "CVE-2026-4504": {"epss": 0.03, "cached_at": 1774110618.640796}, "CVE-2026-4500": {"epss": 0.06, "cached_at": 1774110618.6407967}, "CVE-2026-4499": {"epss": 0.66, "cached_at": 1774110618.6407974}, "CVE-2026-4438": {"epss": 0.04, "cached_at": 1774110618.640798}, "CVE-2026-33164": {"epss": 0.04, "cached_at": 1774110618.6408005}, "CVE-2026-33165": {"epss": 0.01, "cached_at": 1774110618.6408012}, "CVE-2026-33156": {"epss": 0.01, "cached_at": 1774110618.6408021}, "CVE-2026-33155": {"epss": 0.04, "cached_at": 1774110618.6408029}, "CVE-2026-33154": {"epss": 0.04, "cached_at": 1774110618.6408033}, "CVE-2026-33238": {"epss": 0.04, "cached_at": 1774110618.640804}, "CVE-2026-33237": {"epss": 0.03, "cached_at": 1774110618.6408045}, "CVE-2026-2430": {"epss": 0.03, "cached_at": 1774110618.6408055}, "CVE-2026-3474": {"epss": 0.05, "cached_at": 1774110618.6408062}, "CVE-2026-3350": {"epss": 0.03, "cached_at": 1774110618.640807}, "CVE-2026-4261": {"epss": 0.04, "cached_at": 1774110618.6408076}, "CVE-2026-4161": {"epss": 0.04, "cached_at": 1774110618.6408083}, "CVE-2026-4143": {"epss": 0.01, "cached_at": 1774110618.640809}, "CVE-2026-4127": {"epss": 0.03, "cached_at": 1774110618.6408095}, "CVE-2026-4087": {"epss": 0.03, "cached_at": 1774110618.64081}, "CVE-2026-4509": {"epss": 0.05, "cached_at": 1774110618.6408107}, "CVE-2026-4510": {"epss": 0.03, "cached_at": 1774110618.6408112}, "CVE-2026-4373": {"epss": 0.1, "cached_at": 1774110618.6408117}, "CVE-2026-4515": {"epss": 0.04, "cached_at": 1774110618.6408126}, "CVE-2026-4514": {"epss": 0.03, "cached_at": 1774110618.640813}, "CVE-2026-4513": {"epss": 0.03, "cached_at": 1774110619.721709}, "CVE-2026-4511": {"epss": 0.04, "cached_at": 1774110619.72171}}