{"CVE-2026-33133": {"ts": 1774115876.3876667, "cvss": 7.2}, "CVE-2026-32596": {"ts": 1774117360.982275, "cvss": 7.5}, "CVE-2026-31963": {"ts": 1774125968.5647345, "cvss": 8.1}, "CVE-2026-31964": {"ts": 1774125973.0590603, "cvss": 7.5}, "CVE-2026-31965": {"ts": 1774125981.8891835, "cvss": 8.2}, "CVE-2026-4536": {"ts": 1774191245.0328195, "epss": 0.04}, "CVE-2026-4532": {"ts": 1774191245.0328217, "epss": 0.03}, "CVE-2026-4544": {"ts": 1774191245.0328224, "epss": 0.03}, "CVE-2019-25568": {"ts": 1774191245.032823, "epss": 0.04}, "CVE-2019-25582": {"ts": 1774191245.0328233, "epss": 0.03}, "CVE-2019-25580": {"ts": 1774191245.032824, "epss": 0.04}, "CVE-2026-4529": {"ts": 1774191245.0328245, "epss": 0.04}, "CVE-2019-25571": {"ts": 1774191245.032825, "epss": 0.01}, "CVE-2019-25578": {"ts": 1774191245.0328257, "epss": 0.05}, "CVE-2019-25570": {"ts": 1774191245.0328264, "epss": 0.01}, "CVE-2019-25589": {"ts": 1774191245.032827, "epss": 0.01}, "CVE-2026-4535": {"ts": 1774191245.0328274, "epss": 0.05}, "CVE-2026-4542": {"ts": 1774191245.0328279, "epss": 0.04}, "CVE-2026-4537": {"ts": 1774191245.0328283, "epss": 0.23}, "CVE-2019-25588": {"ts": 1774191245.032829, "epss": 0.01}, "CVE-2019-25572": {"ts": 1774191245.0328295, "epss": 0.01}, "CVE-2019-25569": {"ts": 1774191245.0328305, "epss": 0.01}, "CVE-2026-3427": {"ts": 1774191245.0328307, "epss": 0.03}, "CVE-2026-4543": {"ts": 1774191245.0328312, "epss": 0.18}, "CVE-2019-25579": {"ts": 1774191245.0328317, "epss": 0.17}, "CVE-2026-2756": {"ts": 1774191245.0328321, "epss": 0.03}, "CVE-2026-4538": {"ts": 1774191245.0328329, "epss": 0.02}, "CVE-2019-25581": {"ts": 1774191245.032833, "epss": 0.07}, "CVE-2026-4541": {"ts": 1774191245.0328336, "epss": 0.0}, "CVE-2026-4530": {"ts": 1774191245.0328338, "epss": 0.02}, "CVE-2026-4528": {"ts": 1774191245.0328343, "epss": 0.04}, "CVE-2026-4531": {"ts": 1774191246.3391562, "epss": 0.06}, "CVE-2026-4539": {"ts": 1774191246.339157, "epss": 0.01}, "CVE-2026-4545": {"ts": 1774191246.3391576, "epss": 0.01}, "CVE-2026-3629": {"ts": 1774191246.339158, "epss": 0.04}, "CVE-2019-25587": {"ts": 1774191246.339159, "epss": 0.01}, "CVE-2026-4314": {"ts": 1774191246.3391597, "epss": 0.04}, "CVE-2026-4540": {"ts": 1774191246.3391602, "epss": 0.03}, "CVE-2026-4115": {"ts": 1774192102.7324646, "cvss": 3.7}}