{"CVE-2026-31844": {"ts": 1773691284.9279003, "cvss": 8.8}, "CVE-2026-3963": {"ts": 1773691287.0582433, "cvss": 3.7}, "CVE-2026-3234": {"ts": 1773691291.2155, "cvss": 4.3}, "CVE-2026-2366": {"ts": 1773691293.559423, "cvss": 3.1}, "CVE-2026-2724": {"ts": 1773691295.6403804, "cvss": 7.2}, "CVE-2026-3992": {"ts": 1773691297.8585558, "cvss": 6.3}, "CVE-2026-32320": {"ts": 1773691299.9427295, "cvss": 6.5}, "CVE-2026-3805": {"ts": 1773691304.2340043, "cvss": 7.5}}