{"CVE-2026-2673": {"cvss": 7.5, "cached_at": 1773776116.5231218}, "CVE-2026-4177": {"cvss": 9.1, "cached_at": 1773842322.987457}, "CVE-2026-30876": {"cvss": 5.3, "cached_at": 1773842327.7400892}, "CVE-2026-28490": {"cvss": 6.5, "cached_at": 1773842331.879325}, "CVE-2026-28498": {"cvss": 7.5, "cached_at": 1773842336.1421824}, "CVE-2026-4359": {"epss": 0.03, "cached_at": 1773853218.3196073}, "CVE-2026-25936": {"epss": 0.03, "cached_at": 1773853218.3196106}, "CVE-2026-32981": {"epss": 0.07, "cached_at": 1773853218.3196118}, "CVE-2026-25790": {"epss": 0.09, "cached_at": 1773853218.3196127}, "CVE-2026-27894": {"epss": 0.06, "cached_at": 1773853218.3196137}, "CVE-2026-27811": {"epss": 0.21, "cached_at": 1773853218.3196144}, "CVE-2026-27459": {"epss": 0.04, "cached_at": 1773853218.319615}, "CVE-2026-4355": {"epss": 0.03, "cached_at": 1773853218.3196151}, "CVE-2026-4354": {"epss": 0.03, "cached_at": 1773853218.3196158}, "CVE-2026-32254": {"epss": 0.03, "cached_at": 1773853218.319616}, "CVE-2026-31938": {"epss": 0.04, "cached_at": 1773853218.319617}, "CVE-2026-31898": {"epss": 0.03, "cached_at": 1773853218.3196177}, "CVE-2026-31891": {"epss": 0.03, "cached_at": 1773853218.3196182}, "CVE-2026-31865": {"epss": 0.03, "cached_at": 1773853218.3196185}, "CVE-2026-32596": {"epss": 0.07, "cached_at": 1773853218.3196192}, "CVE-2026-32606": {"epss": 0.01, "cached_at": 1773853218.31962}, "CVE-2026-32268": {"epss": 0.05, "cached_at": 1773853218.3196208}, "CVE-2026-4366": {"epss": 0.03, "cached_at": 1773853218.3196213}, "CVE-2026-22730": {"epss": 0.03, "cached_at": 1773853218.319622}, "CVE-2026-22729": {"epss": 0.05, "cached_at": 1773853218.3196228}, "CVE-2026-22323": {"epss": 0.04, "cached_at": 1773853218.3196235}, "CVE-2026-22322": {"epss": 0.08, "cached_at": 1773853218.319624}, "CVE-2026-22321": {"epss": 0.04, "cached_at": 1773853218.3196242}, "CVE-2026-3888": {"epss": 0.01, "cached_at": 1773853218.319625}, "CVE-2026-33265": {"epss": 0.01, "cached_at": 1773853218.3196254}, "CVE-2026-23248": {"epss": 0.02, "cached_at": 1773853218.319626}, "CVE-2026-23247": {"epss": 0.02, "cached_at": 1773853218.3196268}, "CVE-2026-23246": {"epss": 0.02, "cached_at": 1773853218.3196278}, "CVE-2026-23245": {"epss": 0.02, "cached_at": 1773853218.3196282}}