{"CVE-2026-3237": {"epss": 0.04, "cached_at": 1773755800.8125913}, "CVE-2026-4312": {"epss": 0.13, "cached_at": 1773755800.812595}, "CVE-2026-2373": {"epss": 0.03, "cached_at": 1773755800.8125973}, "CVE-2026-4307": {"epss": 0.04, "cached_at": 1773755800.8125982}, "CVE-2026-4308": {"epss": 0.04, "cached_at": 1773755800.8125992}, "CVE-2026-4258": {"epss": 0.02, "cached_at": 1773755800.8126004}, "CVE-2026-4289": {"epss": 0.03, "cached_at": 1773755800.812601}, "CVE-2026-2579": {"epss": 0.07, "cached_at": 1773755800.8126018}, "CVE-2026-0708": {"epss": 0.16, "cached_at": 1773755800.8126025}, "CVE-2026-4177": {"epss": 0.01, "cached_at": 1773755800.8126042}, "CVE-2026-4284": {"epss": 0.03, "cached_at": 1773755800.8126051}, "CVE-2026-4285": {"epss": 0.05, "cached_at": 1773755800.8126059}, "CVE-2026-4287": {"epss": 0.03, "cached_at": 1773755800.8126068}, "CVE-2026-32261": {"epss": 0.01, "cached_at": 1773755800.8126078}, "CVE-2026-30875": {"epss": 0.15, "cached_at": 1773755800.8126085}, "CVE-2026-30876": {"epss": 0.04, "cached_at": 1773755800.8126092}, "CVE-2026-30881": {"epss": 0.03, "cached_at": 1773755800.8126104}, "CVE-2026-30882": {"epss": 0.01, "cached_at": 1773755800.8126113}, "CVE-2026-4253": {"epss": 0.56, "cached_at": 1773755800.812612}, "CVE-2026-4254": {"epss": 0.05, "cached_at": 1773755800.8126128}, "CVE-2026-28490": {"epss": 0.01, "cached_at": 1773755800.8126142}, "CVE-2026-4224": {"epss": 0.02, "cached_at": 1773755800.812615}, "CVE-2026-28498": {"epss": 0.02, "cached_at": 1773755800.8126156}, "CVE-2026-4269": {"epss": 0.05, "cached_at": 1773755800.8126163}, "CVE-2026-2673": {"cvss": 7.5, "cached_at": 1773776116.5231218}}