{"CVE-2026-32941": {"ts": 1774360421.238455, "cvss": 6.5}, "CVE-2026-32946": {"ts": 1774360423.7119498, "cvss": 2.7}, "CVE-2026-33068": {"ts": 1774372328.3243449, "cvss": 8.8}, "CVE-2026-32737": {"ts": 1774405038.619518, "cvss": 10.0}, "CVE-2026-33312": {"ts": 1774407230.0184333, "cvss": 5.4}, "CVE-2026-32805": {"ts": 1774407241.2096374, "cvss": 7.5}}