{"CVE-2026-4998": {"ts": 1774803381.7976053, "epss": 0.08}, "CVE-2026-5003": {"ts": 1774803381.7976072, "epss": 0.03}, "CVE-2026-5001": {"ts": 1774803381.797608, "epss": 0.04}, "CVE-2026-4999": {"ts": 1774803381.7976084, "epss": 0.04}, "CVE-2026-4997": {"ts": 1774803381.7976093, "epss": 0.06}, "CVE-2026-5002": {"ts": 1774803381.79761, "epss": 0.04}, "CVE-2026-5004": {"ts": 1774803381.7976105, "epss": 0.04}, "CVE-2026-5000": {"ts": 1774803381.797611, "epss": 0.08}, "CVE-2025-15445": {"ts": 1774803409.023128, "cvss": 5.4}, "CVE-2019-25654": {"ts": 1774879290.5176315, "epss": 0.04}, "CVE-2026-5104": {"ts": 1774879290.5176344, "epss": 2.95}, "CVE-2026-5107": {"ts": 1774879290.5176353, "epss": 0.04}, "CVE-2026-5102": {"ts": 1774879290.517636, "epss": 2.95}, "CVE-2019-25653": {"ts": 1774879290.5176368, "epss": 0.01}, "CVE-2025-15036": {"ts": 1774879290.5176377, "epss": 0.05}, "CVE-2026-5103": {"ts": 1774879290.5176384, "epss": 2.95}, "CVE-2026-3124": {"ts": 1774879290.517639, "epss": 0.03}, "CVE-2019-25655": {"ts": 1774879290.5176394, "epss": 0.01}, "CVE-2026-5105": {"ts": 1774879290.51764, "epss": 2.95}, "CVE-2026-5106": {"ts": 1774879290.5176406, "epss": 0.03}, "CVE-2018-25235": {"ts": 1774879290.5176413, "epss": 0.01}}