{"CVE-2026-4335": {"ts": 1774533337.1403868, "epss": 0.04}, "CVE-2026-33942": {"ts": 1774533337.1403887, "epss": 0.57}, "CVE-2026-4816": {"ts": 1774533337.1403894, "epss": 0.05}, "CVE-2025-14807": {"ts": 1774533337.14039, "epss": 0.03}, "CVE-2026-33751": {"ts": 1774533337.1403909, "epss": 0.07}, "CVE-2026-4861": {"ts": 1774533337.1403916, "epss": 0.04}, "CVE-2025-64648": {"ts": 1774533337.1403923, "epss": 0.01}, "CVE-2026-4860": {"ts": 1774533337.1403928, "epss": 0.04}, "CVE-2026-33183": {"ts": 1774533337.1403935, "epss": 0.01}, "CVE-2025-14684": {"ts": 1774533337.140394, "epss": 0.01}, "CVE-2026-4862": {"ts": 1774533337.1403944, "epss": 0.04}, "CVE-2025-36187": {"ts": 1774533337.140395, "epss": 0.01}, "CVE-2026-4835": {"ts": 1774533337.1403954, "epss": 0.03}, "CVE-2026-4815": {"ts": 1774533337.140396, "epss": 0.03}, "CVE-2026-4824": {"ts": 1774533337.1403966, "epss": 0.01}, "CVE-2026-27602": {"ts": 1774533337.140397, "epss": 0.04}, "CVE-2026-4838": {"ts": 1774533337.1403975, "epss": 0.03}, "CVE-2026-33724": {"ts": 1774533337.1403987, "epss": 0.01}, "CVE-2026-33201": {"ts": 1774533337.1403992, "epss": 0.02}, "CVE-2026-33268": {"ts": 1774533337.1404002, "epss": 0.06}, "CVE-2026-4823": {"ts": 1774533337.1404006, "epss": 0.01}, "CVE-2026-33809": {"ts": 1774533337.140401, "epss": 0.03}, "CVE-2026-33749": {"ts": 1774533337.1404014, "epss": 0.04}, "CVE-2026-33696": {"ts": 1774533337.1404016, "epss": 0.46}, "CVE-2018-25210": {"ts": 1774533337.1404023, "epss": 0.07}, "CVE-2014-125112": {"ts": 1774533337.1404028, "epss": 0.02}, "CVE-2026-1014": {"ts": 1774533337.1404033, "epss": 0.02}, "CVE-2026-1015": {"ts": 1774533337.1404037, "epss": 0.02}, "CVE-2026-4263": {"ts": 1774533338.1943657, "epss": 0.04}, "CVE-2025-15101": {"ts": 1774533338.1943667, "epss": 0.02}, "CVE-2026-4836": {"ts": 1774533338.1943676, "epss": 0.03}, "CVE-2026-33182": {"ts": 1774533338.1943684, "epss": 0.03}, "CVE-2026-3988": {"ts": 1774533338.194369, "epss": 0.04}, "CVE-2026-33713": {"ts": 1774533338.1943698, "epss": 0.01}, "CVE-2026-23514": {"ts": 1774533338.1943703, "epss": 0.04}, "CVE-2026-33287": {"ts": 1774533338.1943707, "epss": 0.04}, "CVE-2026-4075": {"ts": 1774533338.1943717, "epss": 0.04}, "CVE-2026-33285": {"ts": 1774533338.1943722, "epss": 0.04}, "CVE-2026-33665": {"ts": 1774533338.1943727, "epss": 0.01}, "CVE-2026-28825": {"ts": 1774546308.3638582, "cvss": 5.5}, "CVE-2026-20668": {"ts": 1774546327.1289527, "cvss": 5.5}, "CVE-2026-28864": {"ts": 1774553382.8743508, "cvss": 3.3}, "CVE-2026-20691": {"ts": 1774553413.163091, "cvss": 4.3}, "CVE-2026-3591": {"ts": 1774553441.878166, "epss": 0.01}, "CVE-2026-3857": {"ts": 1774580697.915331, "epss": 0.01}, "CVE-2025-41359": {"ts": 1774580719.4432776, "cvss": 7.8}, "CVE-2026-4822": {"ts": 1774582327.0410469, "epss": 0.01}, "CVE-2026-4839": {"ts": 1774590803.8468635, "epss": 0.03}}