{"CVE-2026-3548": {"epss": 0.02, "cached_at": 1774024989.3339005}, "CVE-2026-2646": {"epss": 0.01, "cached_at": 1774024989.333904}, "CVE-2026-30403": {"epss": 0.02, "cached_at": 1774024989.333906}, "CVE-2026-26931": {"epss": 0.01, "cached_at": 1774024989.333907}, "CVE-2026-1005": {"epss": 0.08, "cached_at": 1774024989.333908}, "CVE-2026-3580": {"epss": 0.01, "cached_at": 1774024989.333909}, "CVE-2026-32119": {"epss": 0.03, "cached_at": 1774024989.3339097}, "CVE-2026-3579": {"epss": 0.01, "cached_at": 1774024989.3339107}, "CVE-2026-32238": {"epss": 0.2, "cached_at": 1774024989.3339117}, "CVE-2026-25928": {"epss": 0.08, "cached_at": 1774024989.3339126}, "CVE-2026-22737": {"epss": 0.03, "cached_at": 1774024989.3339138}, "CVE-2026-32761": {"epss": 0.03, "cached_at": 1774024989.3339145}, "CVE-2026-32760": {"epss": 0.04, "cached_at": 1774024989.3339157}, "CVE-2026-22735": {"epss": 0.03, "cached_at": 1774024989.3339162}, "CVE-2026-32759": {"epss": 1.01, "cached_at": 1774024989.3339167}, "CVE-2026-32946": {"epss": 0.08, "cached_at": 1774024989.3339171}, "CVE-2026-32945": {"epss": 0.04, "cached_at": 1774024989.3339179}, "CVE-2026-32942": {"epss": 0.04, "cached_at": 1774024989.333919}, "CVE-2026-32941": {"epss": 0.04, "cached_at": 1774024989.3339198}, "CVE-2026-4136": {"epss": 0.03, "cached_at": 1774024989.3339202}, "CVE-2026-33069": {"epss": 0.04, "cached_at": 1774024989.333921}, "CVE-2026-33068": {"epss": 0.14, "cached_at": 1774024989.3339224}, "CVE-2026-33191": {"epss": 0.23, "cached_at": 1774024989.333923}, "CVE-2026-33065": {"epss": 0.04, "cached_at": 1774024989.3339238}, "CVE-2026-33064": {"epss": 0.2, "cached_at": 1774024989.3339248}, "CVE-2026-33022": {"epss": 0.04, "cached_at": 1774024989.3339257}, "CVE-2026-33061": {"epss": 0.02, "cached_at": 1774024989.3339264}, "CVE-2026-33136": {"epss": 0.03, "cached_at": 1774024989.3339272}, "CVE-2026-33135": {"epss": 0.03, "cached_at": 1774024989.3339279}, "CVE-2026-33134": {"epss": 0.03, "cached_at": 1774024989.333929}, "CVE-2026-33133": {"epss": 0.04, "cached_at": 1774024990.3760607}, "CVE-2026-33132": {"epss": 0.06, "cached_at": 1774024990.3760624}, "CVE-2026-32986": {"epss": 0.03, "cached_at": 1774110618.6407874}, "CVE-2026-4488": {"epss": 0.04, "cached_at": 1774110618.6407905}, "CVE-2026-4519": {"epss": 0.01, "cached_at": 1774110618.6407924}, "CVE-2026-4487": {"epss": 0.04, "cached_at": 1774110618.6407936}, "CVE-2026-33312": {"epss": 0.04, "cached_at": 1774110618.6407943}, "CVE-2026-4505": {"epss": 0.03, "cached_at": 1774110618.6407952}, "CVE-2026-4504": {"epss": 0.03, "cached_at": 1774110618.640796}, "CVE-2026-4500": {"epss": 0.06, "cached_at": 1774110618.6407967}, "CVE-2026-4499": {"epss": 0.66, "cached_at": 1774110618.6407974}, "CVE-2026-4438": {"epss": 0.04, "cached_at": 1774110618.640798}, "CVE-2026-33164": {"epss": 0.04, "cached_at": 1774110618.6408005}, "CVE-2026-33165": {"epss": 0.01, "cached_at": 1774110618.6408012}, "CVE-2026-33156": {"epss": 0.01, "cached_at": 1774110618.6408021}, "CVE-2026-33155": {"epss": 0.04, "cached_at": 1774110618.6408029}, "CVE-2026-33154": {"epss": 0.04, "cached_at": 1774110618.6408033}, "CVE-2026-33238": {"epss": 0.04, "cached_at": 1774110618.640804}, "CVE-2026-33237": {"epss": 0.03, "cached_at": 1774110618.6408045}, "CVE-2026-2430": {"epss": 0.03, "cached_at": 1774110618.6408055}, "CVE-2026-3474": {"epss": 0.05, "cached_at": 1774110618.6408062}, "CVE-2026-3350": {"epss": 0.03, "cached_at": 1774110618.640807}, "CVE-2026-4261": {"epss": 0.04, "cached_at": 1774110618.6408076}, "CVE-2026-4161": {"epss": 0.04, "cached_at": 1774110618.6408083}, "CVE-2026-4143": {"epss": 0.01, "cached_at": 1774110618.640809}, "CVE-2026-4127": {"epss": 0.03, "cached_at": 1774110618.6408095}, "CVE-2026-4087": {"epss": 0.03, "cached_at": 1774110618.64081}, "CVE-2026-4509": {"epss": 0.05, "cached_at": 1774110618.6408107}, "CVE-2026-4510": {"epss": 0.03, "cached_at": 1774110618.6408112}, "CVE-2026-4373": {"epss": 0.1, "cached_at": 1774110618.6408117}, "CVE-2026-4515": {"epss": 0.04, "cached_at": 1774110618.6408126}, "CVE-2026-4514": {"epss": 0.03, "cached_at": 1774110618.640813}, "CVE-2026-4513": {"epss": 0.03, "cached_at": 1774110619.721709}, "CVE-2026-4511": {"epss": 0.04, "cached_at": 1774110619.72171}}