{"CVE-2026-21888": {"ts": 1773693989.412943, "cvss": 7.5}, "CVE-2026-27689": {"ts": 1773694003.0851977, "cvss": 7.7}, "CVE-2026-3993": {"ts": 1773694007.4164386, "cvss": 4.3}, "CVE-2026-3817": {"ts": 1773694013.857765, "cvss": 5.3}, "CVE-2025-2399": {"ts": 1773694016.065305, "cvss": 5.9}}