{"CVE-2025-69241": {"epss": 0.05, "cached_at": 1773669552.9054246}, "CVE-2025-69243": {"epss": 0.04, "cached_at": 1773669552.9054272}, "CVE-2025-69245": {"epss": 0.08, "cached_at": 1773669552.9054282}, "CVE-2025-69246": {"epss": 0.04, "cached_at": 1773669552.9054294}, "CVE-2026-1883": {"cvss": 4.3, "cached_at": 1773680489.6350524}, "CVE-2026-1947": {"cvss": 7.5, "cached_at": 1773680491.8555126}, "CVE-2026-2233": {"cvss": 5.3, "cached_at": 1773680494.0179813}, "CVE-2026-4164": {"cvss": 9.8, "cached_at": 1773680496.1671069}, "CVE-2026-1948": {"cvss": 4.3, "cached_at": 1773680498.3153737}, "CVE-2026-1870": {"cvss": 5.3, "cached_at": 1773680502.714665}, "CVE-2026-32729": {"cvss": 8.1, "cached_at": 1773680504.8980365}, "CVE-2026-32724": {"cvss": 5.3, "cached_at": 1773680772.8530736}, "CVE-2026-4063": {"cvss": 4.3, "cached_at": 1773680777.3017538}, "CVE-2025-66249": {"cvss": 6.3, "cached_at": 1773680781.6464634}, "CVE-2025-60012": {"cvss": 6.3, "cached_at": 1773680783.752775}, "CVE-2026-0954": {"cvss": 7.8, "cached_at": 1773681033.6522386}, "CVE-2026-4111": {"cvss": 7.5, "cached_at": 1773681035.7187965}, "CVE-2025-13778": {"cvss": 6.5, "cached_at": 1773681037.8887756}, "CVE-2025-13777": {"cvss": 8.3, "cached_at": 1773689717.4953902}, "CVE-2025-13779": {"cvss": 8.3, "cached_at": 1773689719.564826}, "CVE-2026-3873": {"cvss": 7.2, "cached_at": 1773689721.731543}}