{"CVE-2026-33133": {"ts": 1774115876.3876667, "cvss": 7.2}, "CVE-2026-32596": {"ts": 1774117360.982275, "cvss": 7.5}, "CVE-2026-31963": {"ts": 1774125968.5647345, "cvss": 8.1}, "CVE-2026-31964": {"ts": 1774125973.0590603, "cvss": 7.5}, "CVE-2026-31965": {"ts": 1774125981.8891835, "cvss": 8.2}}