{"CVE-2026-33713": {"ts": 1774688419.8820908, "cvss": 8.8}, "CVE-2026-33724": {"ts": 1774702256.011323, "cvss": 7.4}, "CVE-2026-4997": {"ts": 1774704000.4711897, "cvss": 5.3}, "CVE-2026-4987": {"ts": 1774715657.8632874, "epss": 0.07}, "CVE-2026-4996": {"ts": 1774715657.8632905, "epss": 0.03}, "CVE-2026-4992": {"ts": 1774715657.863292, "epss": 0.03}, "CVE-2026-32695": {"ts": 1774715657.8632927, "epss": 0.01}, "CVE-2026-1679": {"ts": 1774715657.8632936, "epss": 0.03}, "CVE-2026-2442": {"ts": 1774715657.8632944, "epss": 0.08}, "CVE-2018-25225": {"ts": 1774715657.8632956, "epss": 0.02}, "CVE-2026-4982": {"ts": 1774715657.8633022, "epss": 0.08}, "CVE-2026-2595": {"ts": 1774715657.863303, "epss": 0.03}, "CVE-2026-4995": {"ts": 1774715657.8633037, "epss": 0.03}, "CVE-2025-13478": {"ts": 1774715657.8633044, "epss": 0.18}, "CVE-2018-25224": {"ts": 1774715657.8633053, "epss": 0.02}, "CVE-2026-4994": {"ts": 1774715657.8633065, "epss": 0.02}, "CVE-2026-23399": {"ts": 1774715657.8633075, "epss": 0.02}, "CVE-2025-15445": {"ts": 1774715657.8633082, "epss": 0.02}, "CVE-2025-12886": {"ts": 1774715657.8633091, "epss": 0.04}, "CVE-2026-4993": {"ts": 1774715657.8633099, "epss": 0.01}, "CVE-2025-41026": {"ts": 1774715674.7265232, "cvss": 6.1}, "CVE-2026-32859": {"ts": 1774769035.6582592, "epss": 0.03}}