{"CVE-2026-1540": {"ts": 1775243300.3121123, "cvss": 7.2}, "CVE-2026-32695": {"ts": 1775243306.6808314, "cvss": 7.7}, "CVE-2026-5115": {"ts": 1775243371.950764, "cvss": 7.5}, "CVE-2026-3427": {"ts": 1775325013.8351421, "epss": 0.04}, "CVE-2026-4532": {"ts": 1775325013.8351443, "epss": 0.04}, "CVE-2026-4531": {"ts": 1775325013.8351452, "epss": 0.07}, "CVE-2026-4544": {"ts": 1775325013.835146, "epss": 0.04}, "CVE-2019-25581": {"ts": 1775325013.8351464, "epss": 0.2}, "CVE-2019-25570": {"ts": 1775325013.835147, "epss": 0.03}, "CVE-2026-4528": {"ts": 1775325013.8351476, "epss": 0.05}, "CVE-2026-4539": {"ts": 1775325013.8351483, "epss": 0.01}, "CVE-2019-25569": {"ts": 1775325013.8351488, "epss": 0.01}, "CVE-2026-2756": {"ts": 1775325013.8351493, "epss": 0.04}, "CVE-2026-3629": {"ts": 1775325013.8351498, "epss": 0.06}, "CVE-2026-4530": {"ts": 1775325013.83515, "epss": 0.02}, "CVE-2026-4543": {"ts": 1775325013.835151, "epss": 0.3}, "CVE-2019-25579": {"ts": 1775325013.8351514, "epss": 3.31}, "CVE-2019-25587": {"ts": 1775325013.8351517, "epss": 0.01}, "CVE-2019-25589": {"ts": 1775325013.8351521, "epss": 0.01}, "CVE-2026-4535": {"ts": 1775325013.8351524, "epss": 0.08}, "CVE-2026-4540": {"ts": 1775325013.8351529, "epss": 0.04}, "CVE-2019-25571": {"ts": 1775325013.8351536, "epss": 0.01}, "CVE-2026-4542": {"ts": 1775325013.8351543, "epss": 0.04}, "CVE-2019-25582": {"ts": 1775325013.8351548, "epss": 0.06}, "CVE-2019-25588": {"ts": 1775325013.835155, "epss": 0.01}, "CVE-2026-4529": {"ts": 1775325013.8351555, "epss": 0.05}, "CVE-2026-4538": {"ts": 1775325013.835156, "epss": 0.02}, "CVE-2026-4536": {"ts": 1775325013.8351562, "epss": 0.05}, "CVE-2019-25568": {"ts": 1775325013.8351567, "epss": 0.06}, "CVE-2026-4537": {"ts": 1775325013.8351572, "epss": 0.32}, "CVE-2019-25580": {"ts": 1775325013.8351579, "epss": 0.05}, "CVE-2019-25572": {"ts": 1775325013.8351586, "epss": 0.02}, "CVE-2026-4314": {"ts": 1775325013.8351588, "epss": 0.04}, "CVE-2026-4541": {"ts": 1775325015.1595302, "epss": 0.0}, "CVE-2026-4545": {"ts": 1775325015.159531, "epss": 0.01}, "CVE-2019-25578": {"ts": 1775325015.1595318, "epss": 0.04}, "CVE-2026-4115": {"ts": 1775325044.6872883, "epss": 0.01, "cvss": 3.7}, "CVE-2026-23246": {"ts": 1775325016.396827, "cvss": 8.8}, "CVE-2026-32945": {"ts": 1775325018.5460615, "cvss": 9.8}, "CVE-2026-33191": {"ts": 1775325020.899088, "cvss": 8.6}, "CVE-2026-32737": {"ts": 1775325025.2365494, "cvss": 10.0}, "CVE-2026-32760": {"ts": 1775325029.547934, "cvss": 9.8}, "CVE-2026-32942": {"ts": 1775325031.727248, "cvss": 8.1}, "CVE-2026-33312": {"ts": 1775325033.886449, "cvss": 5.4}, "CVE-2026-3579": {"ts": 1775325036.0445502, "cvss": 5.9}, "CVE-2026-33065": {"ts": 1775325038.2066913, "cvss": 5.3}}