{"CVE-2026-33133": {"ts": 1774115876.3876667, "cvss": 7.2}, "CVE-2026-32596": {"ts": 1774117360.982275, "cvss": 7.5}}