{"CVE-2026-2673": {"cvss": 7.5, "cached_at": 1773776116.5231218}, "CVE-2026-4177": {"cvss": 9.1, "cached_at": 1773842322.987457}, "CVE-2026-30876": {"cvss": 5.3, "cached_at": 1773842327.7400892}, "CVE-2026-28490": {"cvss": 6.5, "cached_at": 1773842331.879325}, "CVE-2026-28498": {"cvss": 7.5, "cached_at": 1773842336.1421824}}