{"CVE-2026-3979": {"ts": 1773692372.1742384, "cvss": 5.3}, "CVE-2026-3964": {"ts": 1773692374.3540907, "cvss": 5.3}, "CVE-2026-3847": {"ts": 1773692376.4267738, "cvss": 8.8}, "CVE-2026-3949": {"ts": 1773692378.49021, "cvss": 3.3}, "CVE-2026-30921": {"ts": 1773692380.6001647, "cvss": 9.9}, "CVE-2026-31888": {"ts": 1773692382.7821229, "cvss": 5.3}, "CVE-2026-4007": {"ts": 1773692384.8506045, "cvss": 8.8}, "CVE-2026-1261": {"ts": 1773692393.2528102, "cvss": 7.2}}