{"CVE-2025-70038": {"ts": 1773712920.4747257, "cvss": 8.8}, "CVE-2026-30920": {"ts": 1773712934.4806056, "cvss": 8.6}, "CVE-2026-3977": {"ts": 1773712941.170951, "cvss": 6.3}}