{"CVE-2026-3831": {"ts": 1775052119.959976, "epss": 0.03}, "CVE-2026-25601": {"ts": 1775052119.9599776, "epss": 0.01}, "CVE-2026-34738": {"ts": 1775052119.9599788, "epss": 0.02}, "CVE-2026-5255": {"ts": 1775052119.9599793, "epss": 0.03}, "CVE-2026-4947": {"ts": 1775052119.9599798, "epss": 0.03}, "CVE-2026-34363": {"ts": 1775052119.9599805, "epss": 0.08}, "CVE-2026-1579": {"ts": 1775052119.959981, "epss": 0.07}, "CVE-2026-5190": {"ts": 1775052119.959982, "epss": 0.01}, "CVE-2026-34532": {"ts": 1775052119.9599824, "epss": 0.04}, "CVE-2026-34737": {"ts": 1775052119.9599826, "epss": 0.03}, "CVE-2026-34733": {"ts": 1775052119.959983, "epss": 0.06}, "CVE-2026-34373": {"ts": 1775052119.9599836, "epss": 0.02}, "CVE-2026-4374": {"ts": 1775052119.959984, "epss": 0.04}, "CVE-2026-34372": {"ts": 1775052119.9599843, "epss": 0.04}, "CVE-2026-5281": {"ts": 1775052119.9599848, "epss": 0.04}, "CVE-2026-3469": {"ts": 1775052119.9599855, "epss": 0.11}, "CVE-2026-5257": {"ts": 1775052119.9599862, "epss": 0.03}, "CVE-2026-5206": {"ts": 1775052119.9599864, "epss": 0.03}, "CVE-2026-5256": {"ts": 1775052119.959987, "epss": 0.03}, "CVE-2026-5251": {"ts": 1775052119.9599874, "epss": 0.05}, "CVE-2026-4799": {"ts": 1775052119.9599879, "epss": 0.03}, "CVE-2026-34740": {"ts": 1775052119.959988, "epss": 0.02}, "CVE-2026-5249": {"ts": 1775052119.9599888, "epss": 0.03}, "CVE-2026-5258": {"ts": 1775052119.9599893, "epss": 0.09}, "CVE-2026-3470": {"ts": 1775052119.9599898, "epss": 0.11}, "CVE-2026-0596": {"ts": 1775052121.1010554, "epss": 0.24}, "CVE-2026-4748": {"ts": 1775052121.1010566, "epss": 0.03}, "CVE-2026-3468": {"ts": 1775052121.1010573, "epss": 0.04}, "CVE-2026-3356": {"ts": 1775052121.1010578, "epss": 0.05}, "CVE-2026-34739": {"ts": 1775052121.1010582, "epss": 0.03}, "CVE-2026-33935": {"ts": 1775052137.2726297, "cvss": 7.5}, "CVE-2026-33373": {"ts": 1775063703.5335286, "cvss": 8.8}, "CVE-2026-5209": {"ts": 1775071403.7112286, "epss": 0.03}, "CVE-2026-5210": {"ts": 1775071403.7112312, "epss": 0.04}, "CVE-2026-29014": {"ts": 1775071474.3070931, "cvss": 9.8}, "CVE-2026-30879": {"ts": 1775075391.9760392, "cvss": 6.1}, "CVE-2026-23395": {"ts": 1775122285.1132622, "cvss": 8.8}, "CVE-2026-20090": {"ts": 1775138369.8411393, "epss": 0.03}, "CVE-2026-1540": {"ts": 1775138369.8411417, "epss": 0.03}, "CVE-2026-23415": {"ts": 1775138369.841143, "epss": 0.02}, "CVE-2026-23417": {"ts": 1775138369.8411434, "epss": 0.02}, "CVE-2026-23416": {"ts": 1775138369.8411443, "epss": 0.02}, "CVE-2026-34447": {"ts": 1775138369.8411462, "epss": 0.01}, "CVE-2026-5271": {"ts": 1775138369.8411467, "epss": 0.01}, "CVE-2026-5318": {"ts": 1775138369.8411474, "epss": 0.02}, "CVE-2026-34751": {"ts": 1775138369.841148, "epss": 0.04}, "CVE-2026-5327": {"ts": 1775138369.8411486, "epss": 0.92}, "CVE-2026-1243": {"ts": 1775138369.841149, "epss": 0.03}, "CVE-2026-3877": {"ts": 1775138369.84115, "epss": 0.05}, "CVE-2026-22767": {"ts": 1775138369.8411505, "epss": 0.01}, "CVE-2026-34875": {"ts": 1775138369.8411512, "epss": 0.04}, "CVE-2026-5316": {"ts": 1775138369.8411517, "epss": 0.03}, "CVE-2026-4347": {"ts": 1775138369.8411522, "epss": 0.07}, "CVE-2026-35093": {"ts": 1775138369.8411527, "epss": 0.01}, "CVE-2026-5322": {"ts": 1775138369.8411534, "epss": 0.03}, "CVE-2026-21765": {"ts": 1775138369.8411539, "epss": 0.01}, "CVE-2026-5320": {"ts": 1775138369.8411543, "epss": 0.08}, "CVE-2026-5321": {"ts": 1775138369.8411548, "epss": 0.01}, "CVE-2026-34446": {"ts": 1775138369.8411555, "epss": 0.01}, "CVE-2026-35094": {"ts": 1775138369.841156, "epss": 0.01}, "CVE-2026-5310": {"ts": 1775138369.841157, "epss": 0.01}, "CVE-2026-5315": {"ts": 1775138369.8411577, "epss": 0.03}, "CVE-2026-21767": {"ts": 1775138369.8411584, "epss": 0.01}, "CVE-2025-13535": {"ts": 1775138369.8411589, "epss": 0.06}, "CVE-2026-5319": {"ts": 1775138369.8411596, "epss": 0.01}, "CVE-2026-5317": {"ts": 1775138370.8867998, "epss": 0.03}, "CVE-2026-22768": {"ts": 1775138370.886801, "epss": 0.01}, "CVE-2026-23414": {"ts": 1775138370.8868017, "epss": 0.02}, "CVE-2026-5199": {"ts": 1775138370.8868024, "epss": 0.04}}