{"CVE-2026-1948": {"epss": 0.03, "cached_at": 1773581344.5433621}, "CVE-2025-54920": {"epss": 0.17, "cached_at": 1773581344.543364}, "CVE-2026-32720": {"epss": 0.04, "cached_at": 1773581344.5433657}, "CVE-2026-3227": {"epss": 0.42, "cached_at": 1773581344.5433667}, "CVE-2026-32724": {"epss": 0.02, "cached_at": 1773581344.5433674}, "CVE-2026-3999": {"epss": 0.04, "cached_at": 1773581344.543368}, "CVE-2026-4063": {"epss": 0.03, "cached_at": 1773581344.5433683}, "CVE-2026-4092": {"epss": 1.01, "cached_at": 1773581344.5433693}, "CVE-2026-4105": {"epss": 0.02, "cached_at": 1773581344.5433698}, "CVE-2026-32745": {"epss": 0.0, "cached_at": 1773581344.5433702}, "CVE-2025-66249": {"epss": 0.03, "cached_at": 1773581344.5433707}, "CVE-2025-60012": {"epss": 0.04, "cached_at": 1773581344.5433714}, "CVE-2026-0954": {"epss": 0.01, "cached_at": 1773581344.543372}, "CVE-2026-4111": {"epss": 0.04, "cached_at": 1773581344.5433724}, "CVE-2025-13778": {"epss": 0.03, "cached_at": 1773581344.5433729}, "CVE-2026-2673": {"epss": 0.02, "cached_at": 1773581344.5433733}, "CVE-2025-13777": {"epss": 0.03, "cached_at": 1773581344.5433738}, "CVE-2025-13779": {"epss": 0.03, "cached_at": 1773581344.5433743}, "CVE-2026-3873": {"epss": 0.01, "cached_at": 1773581344.5433745}, "CVE-2025-8766": {"epss": 0.01, "cached_at": 1773581344.543375}, "CVE-2026-22215": {"epss": 0.01, "cached_at": 1773581344.5433757}, "CVE-2026-22216": {"epss": 0.04, "cached_at": 1773581345.7368975}, "CVE-2025-57849": {"epss": 0.01, "cached_at": 1773581345.7368991}, "CVE-2026-22193": {"epss": 0.03, "cached_at": 1773581345.7368999}, "CVE-2026-3483": {"epss": 0.03, "cached_at": 1773581345.7369006}, "CVE-2026-32319": {"epss": 0.06, "cached_at": 1773581345.736901}, "CVE-2026-32320": {"epss": 0.06, "cached_at": 1773581345.736902}, "CVE-2026-32322": {"epss": 0.03, "cached_at": 1773581345.7369025}, "CVE-2026-32597": {"epss": 0.01, "cached_at": 1773581345.7369032}, "CVE-2026-32612": {"epss": 0.03, "cached_at": 1773581345.736904}, "CVE-2026-4016": {"epss": 0.01, "cached_at": 1773581345.7369046}, "CVE-2026-2366": {"epss": 0.03, "cached_at": 1773581345.736905}, "CVE-2026-3234": {"epss": 0.05, "cached_at": 1773581345.736906}, "CVE-2026-3992": {"epss": 0.04, "cached_at": 1773581345.7369068}, "CVE-2026-3993": {"epss": 0.03, "cached_at": 1773581345.7369075}, "CVE-2026-3994": {"epss": 0.01, "cached_at": 1773581345.7369082}, "CVE-2026-4007": {"epss": 0.05, "cached_at": 1773581345.7369092}, "CVE-2026-4008": {"epss": 0.09, "cached_at": 1773581345.7369099}, "CVE-2026-3980": {"epss": 0.03, "cached_at": 1773581345.7369103}, "CVE-2026-3977": {"epss": 0.04, "cached_at": 1773581345.7369108}, "CVE-2026-3978": {"epss": 0.04, "cached_at": 1773581345.7369113}, "CVE-2026-3979": {"epss": 0.01, "cached_at": 1773581345.7369118}, "CVE-2026-31988": {"epss": 0.1, "cached_at": 1773581345.736913}, "CVE-2026-3962": {"epss": 0.04, "cached_at": 1773581345.7369137}, "CVE-2026-3963": {"epss": 0.03, "cached_at": 1773581345.7369142}, "CVE-2026-3964": {"epss": 0.21, "cached_at": 1773581345.7369146}, "CVE-2026-31887": {"epss": 0.04, "cached_at": 1773581345.7369153}, "CVE-2026-31888": {"epss": 0.03, "cached_at": 1773581345.736916}, "CVE-2026-3949": {"epss": 0.01, "cached_at": 1773581345.7369165}, "CVE-2026-30903": {"epss": 0.05, "cached_at": 1773581345.736917}, "CVE-2026-3013": {"epss": 0.28, "cached_at": 1773581345.7369177}, "CVE-2026-3946": {"epss": 0.03, "cached_at": 1773581346.8703325}, "CVE-2026-21888": {"epss": 0.05, "cached_at": 1773581346.870334}, "CVE-2026-3783": {"epss": 0.03, "cached_at": 1773581346.8703349}, "CVE-2026-3784": {"epss": 0.03, "cached_at": 1773581346.8703358}, "CVE-2026-3805": {"epss": 0.04, "cached_at": 1773581346.8703363}, "CVE-2026-3824": {"epss": 0.03, "cached_at": 1773581346.8703372}, "CVE-2026-31844": {"epss": 0.04, "cached_at": 1773581346.870338}, "CVE-2026-3826": {"epss": 0.2, "cached_at": 1773581346.870339}, "CVE-2026-21286": {"epss": 0.05, "cached_at": 1773581346.8703394}, "CVE-2026-21282": {"epss": 0.16, "cached_at": 1773581346.8703399}, "CVE-2026-21293": {"epss": 0.04, "cached_at": 1773581346.8703406}, "CVE-2026-21291": {"epss": 0.07, "cached_at": 1773581346.8703413}, "CVE-2026-27241": {"epss": 0.03, "cached_at": 1773581346.8703425}, "CVE-2026-3847": {"epss": 0.04, "cached_at": 1773581346.870343}, "CVE-2026-2742": {"epss": 0.28, "cached_at": 1773581346.8703437}, "CVE-2026-2339": {"epss": 0.22, "cached_at": 1773581346.8703444}, "CVE-2025-11739": {"epss": 0.07, "cached_at": 1773581346.8703449}, "CVE-2025-13957": {"epss": 0.34, "cached_at": 1773581346.8703454}, "CVE-2026-1261": {"epss": 0.07, "cached_at": 1773581346.870346}, "CVE-2026-2724": {"epss": 0.08, "cached_at": 1773581346.870347}, "CVE-2026-3315": {"epss": 0.01, "cached_at": 1773581346.8703475}, "CVE-2025-2399": {"epss": 0.06, "cached_at": 1773581346.870348}, "CVE-2026-1508": {"epss": 0.01, "cached_at": 1773581346.8703487}, "CVE-2026-27689": {"epss": 0.07, "cached_at": 1773581346.8703496}, "CVE-2025-36105": {"epss": 0.01, "cached_at": 1773581346.8703501}, "CVE-2026-30920": {"epss": 0.01, "cached_at": 1773581346.8703506}, "CVE-2026-30921": {"epss": 0.01, "cached_at": 1773581346.870351}, "CVE-2026-30925": {"epss": 0.01, "cached_at": 1773581346.8703516}, "CVE-2026-30927": {"epss": 0.01, "cached_at": 1773581346.8703523}, "CVE-2025-70034": {"epss": 0.04, "cached_at": 1773581346.870353}, "CVE-2025-70038": {"epss": 0.06, "cached_at": 1773581348.0668457}, "CVE-2025-70039": {"epss": 0.05, "cached_at": 1773581348.0668473}, "CVE-2026-29023": {"epss": 0.04, "cached_at": 1773581348.066848}, "CVE-2026-3638": {"epss": 0.03, "cached_at": 1773581348.0668488}, "CVE-2026-2261": {"epss": 0.01, "cached_at": 1773581348.066851}, "CVE-2026-2919": {"epss": 0.01, "cached_at": 1773581348.0668516}, "CVE-2026-3089": {"epss": 0.02, "cached_at": 1773581348.066852}, "CVE-2026-3817": {"epss": 0.01, "cached_at": 1773581348.0668526}, "CVE-2026-3818": {"epss": 0.01, "cached_at": 1773581348.0668533}, "CVE-2026-21736": {"epss": 0.0, "cached_at": 1773581348.0668535}, "CVE-2026-3038": {"epss": 0.04, "cached_at": 1773581348.0668542}}