{"CVE-2026-4008": {"ts": 1773695176.1208954, "cvss": 8.8}, "CVE-2026-31887": {"ts": 1773695182.3967223, "cvss": 7.5}, "CVE-2026-22193": {"ts": 1773695190.5924788, "cvss": 8.1}, "CVE-2026-30925": {"ts": 1773695848.524517, "cvss": 7.5}}