{
  "total_nodes": 3002,
  "total_edges": 3017,
  "entity_types": {
    "advisory": 1949,
    "sector": 9,
    "cve": 1044
  },
  "relation_types": {
    "targets_sector": 1955,
    "exploits": 1062
  },
  "density": 0.000335,
  "built_at": "2026-04-05T07:34:34.124222+00:00"
}