{
  "total_nodes": 3147,
  "total_edges": 3247,
  "entity_types": {
    "advisory": 2060,
    "sector": 9,
    "cve": 1078
  },
  "relation_types": {
    "targets_sector": 2146,
    "exploits": 1101
  },
  "density": 0.000328,
  "built_at": "2026-04-08T07:55:12.323435+00:00"
}