{
  "total_nodes": 3048,
  "total_edges": 3071,
  "entity_types": {
    "advisory": 1987,
    "sector": 9,
    "cve": 1052
  },
  "relation_types": {
    "targets_sector": 1999,
    "exploits": 1072
  },
  "density": 0.000331,
  "built_at": "2026-04-06T19:21:50.884119+00:00"
}