{
  "total_nodes": 3171,
  "total_edges": 3362,
  "entity_types": {
    "advisory": 2087,
    "sector": 9,
    "cve": 1075
  },
  "relation_types": {
    "targets_sector": 2254,
    "exploits": 1108
  },
  "density": 0.000334,
  "built_at": "2026-04-14T03:45:20.887187+00:00"
}