{
  "total_nodes": 3080,
  "total_edges": 3100,
  "entity_types": {
    "advisory": 2017,
    "sector": 9,
    "cve": 1054
  },
  "relation_types": {
    "targets_sector": 2026,
    "exploits": 1074
  },
  "density": 0.000327,
  "built_at": "2026-04-11T13:32:48.161247+00:00"
}