{
  "total_nodes": 3083,
  "total_edges": 3118,
  "entity_types": {
    "advisory": 2019,
    "sector": 9,
    "cve": 1055
  },
  "relation_types": {
    "targets_sector": 2040,
    "exploits": 1078
  },
  "density": 0.000328,
  "built_at": "2026-04-12T03:48:28.994101+00:00"
}