{
  "total_nodes": 3217,
  "total_edges": 3464,
  "entity_types": {
    "advisory": 2123,
    "sector": 9,
    "cve": 1085
  },
  "relation_types": {
    "targets_sector": 2344,
    "exploits": 1120
  },
  "density": 0.000335,
  "built_at": "2026-04-14T14:15:31.469136+00:00"
}