{
  "total_nodes": 3306,
  "total_edges": 3580,
  "entity_types": {
    "advisory": 2179,
    "sector": 9,
    "cve": 1118
  },
  "relation_types": {
    "targets_sector": 2434,
    "exploits": 1146
  },
  "density": 0.000328,
  "built_at": "2026-04-11T03:21:59.274642+00:00"
}