{
  "total_nodes": 3051,
  "total_edges": 3074,
  "entity_types": {
    "advisory": 1990,
    "sector": 9,
    "cve": 1052
  },
  "relation_types": {
    "targets_sector": 2002,
    "exploits": 1072
  },
  "density": 0.00033,
  "built_at": "2026-04-07T03:33:03.382509+00:00"
}