{
  "total_nodes": 3210,
  "total_edges": 3379,
  "entity_types": {
    "advisory": 2107,
    "sector": 9,
    "cve": 1094
  },
  "relation_types": {
    "targets_sector": 2261,
    "exploits": 1118
  },
  "density": 0.000328,
  "built_at": "2026-04-09T07:57:18.896789+00:00"
}