{
  "total_nodes": 3003,
  "total_edges": 3019,
  "entity_types": {
    "advisory": 1950,
    "sector": 9,
    "cve": 1044
  },
  "relation_types": {
    "targets_sector": 1957,
    "exploits": 1062
  },
  "density": 0.000335,
  "built_at": "2026-04-05T13:32:25.950563+00:00"
}