{
  "total_nodes": 3304,
  "total_edges": 3571,
  "entity_types": {
    "advisory": 2177,
    "sector": 9,
    "cve": 1118
  },
  "relation_types": {
    "targets_sector": 2427,
    "exploits": 1144
  },
  "density": 0.000327,
  "built_at": "2026-04-10T13:52:27.589545+00:00"
}