{
  "total_nodes": 3067,
  "total_edges": 3111,
  "entity_types": {
    "advisory": 2001,
    "sector": 9,
    "cve": 1057
  },
  "relation_types": {
    "targets_sector": 2033,
    "exploits": 1078
  },
  "density": 0.000331,
  "built_at": "2026-04-07T07:51:45.310043+00:00"
}