{
  "total_nodes": 3126,
  "total_edges": 3203,
  "entity_types": {
    "advisory": 2044,
    "sector": 9,
    "cve": 1073
  },
  "relation_types": {
    "targets_sector": 2108,
    "exploits": 1095
  },
  "density": 0.000328,
  "built_at": "2026-04-08T03:34:52.287223+00:00"
}