{
  "total_nodes": 3173,
  "total_edges": 3365,
  "entity_types": {
    "advisory": 2088,
    "cve": 1076,
    "sector": 9
  },
  "relation_types": {
    "exploits": 1109,
    "targets_sector": 2256
  },
  "density": 0.000334,
  "built_at": "2026-04-14T08:06:02.980339+00:00"
}