{
  "total_nodes": 3104,
  "total_edges": 3167,
  "entity_types": {
    "advisory": 2028,
    "sector": 9,
    "cve": 1067
  },
  "relation_types": {
    "targets_sector": 2079,
    "exploits": 1088
  },
  "density": 0.000329,
  "built_at": "2026-04-07T14:03:24.193743+00:00"
}