{
  "total_nodes": 3084,
  "total_edges": 3123,
  "entity_types": {
    "advisory": 2020,
    "sector": 9,
    "cve": 1055
  },
  "relation_types": {
    "targets_sector": 2044,
    "exploits": 1079
  },
  "density": 0.000328,
  "built_at": "2026-04-12T07:46:48.781285+00:00"
}