{
  "total_nodes": 3189,
  "total_edges": 3330,
  "entity_types": {
    "advisory": 2092,
    "sector": 9,
    "cve": 1088
  },
  "relation_types": {
    "targets_sector": 2218,
    "exploits": 1112
  },
  "density": 0.000328,
  "built_at": "2026-04-09T03:30:49.667492+00:00"
}