{
  "total_nodes": 3274,
  "total_edges": 3514,
  "entity_types": {
    "advisory": 2157,
    "sector": 9,
    "cve": 1108
  },
  "relation_types": {
    "targets_sector": 2380,
    "exploits": 1134
  },
  "density": 0.000328,
  "built_at": "2026-04-10T08:01:23.311253+00:00"
}