{
  "total_nodes": 3124,
  "total_edges": 3163,
  "entity_types": {
    "advisory": 2051,
    "sector": 9,
    "cve": 1064
  },
  "relation_types": {
    "targets_sector": 2075,
    "exploits": 1088
  },
  "density": 0.000324,
  "built_at": "2026-04-12T13:37:33.025176+00:00"
}