{
  "total_nodes": 3039,
  "total_edges": 3068,
  "entity_types": {
    "advisory": 1978,
    "sector": 9,
    "cve": 1052
  },
  "relation_types": {
    "targets_sector": 1996,
    "exploits": 1072
  },
  "density": 0.000332,
  "built_at": "2026-04-06T13:48:41.652779+00:00"
}