{
  "total_nodes": 3010,
  "total_edges": 3027,
  "entity_types": {
    "advisory": 1954,
    "sector": 9,
    "cve": 1047
  },
  "relation_types": {
    "targets_sector": 1962,
    "exploits": 1065
  },
  "density": 0.000334,
  "built_at": "2026-04-06T03:43:43.363858+00:00"
}