{
  "total_nodes": 3246,
  "total_edges": 3444,
  "entity_types": {
    "advisory": 2134,
    "sector": 9,
    "cve": 1103
  },
  "relation_types": {
    "targets_sector": 2316,
    "exploits": 1128
  },
  "density": 0.000327,
  "built_at": "2026-04-09T14:16:46.709206+00:00"
}