{
  "total_nodes": 3182,
  "total_edges": 3314,
  "entity_types": {
    "advisory": 2085,
    "sector": 9,
    "cve": 1088
  },
  "relation_types": {
    "targets_sector": 2202,
    "exploits": 1112
  },
  "density": 0.000327,
  "built_at": "2026-04-08T14:04:36.916355+00:00"
}