{
  "total_nodes": 3250,
  "total_edges": 3455,
  "entity_types": {
    "advisory": 2138,
    "sector": 9,
    "cve": 1103
  },
  "relation_types": {
    "targets_sector": 2327,
    "exploits": 1128
  },
  "density": 0.000327,
  "built_at": "2026-04-10T03:43:51.748447+00:00"
}