{
  "total_nodes": 3129,
  "total_edges": 3241,
  "entity_types": {
    "advisory": 2056,
    "sector": 9,
    "cve": 1064
  },
  "relation_types": {
    "targets_sector": 2150,
    "exploits": 1091
  },
  "density": 0.000331,
  "built_at": "2026-04-13T08:24:52.963858+00:00"
}