{
  "total_nodes": 3305,
  "total_edges": 3576,
  "entity_types": {
    "advisory": 2178,
    "sector": 9,
    "cve": 1118
  },
  "relation_types": {
    "targets_sector": 2431,
    "exploits": 1145
  },
  "density": 0.000327,
  "built_at": "2026-04-10T19:14:13.893164+00:00"
}