{
  "total_nodes": 3162,
  "total_edges": 3334,
  "entity_types": {
    "advisory": 2080,
    "sector": 9,
    "cve": 1073
  },
  "relation_types": {
    "targets_sector": 2229,
    "exploits": 1105
  },
  "density": 0.000334,
  "built_at": "2026-04-13T14:10:06.080145+00:00"
}